-- phpMyAdmin SQL Dump
-- version 4.9.0.1
-- https://www.phpmyadmin.net/
--
-- Host: 127.0.0.1
-- Generation Time: May 21, 2020 at 07:22 AM
-- Server version: 10.4.6-MariaDB
-- PHP Version: 7.3.8

SET SQL_MODE = "NO_AUTO_VALUE_ON_ZERO";
SET AUTOCOMMIT = 0;
START TRANSACTION;
SET time_zone = "+00:00";


/*!40101 SET @OLD_CHARACTER_SET_CLIENT=@@CHARACTER_SET_CLIENT */;
/*!40101 SET @OLD_CHARACTER_SET_RESULTS=@@CHARACTER_SET_RESULTS */;
/*!40101 SET @OLD_COLLATION_CONNECTION=@@COLLATION_CONNECTION */;
/*!40101 SET NAMES utf8mb4 */;

--
-- Database: `webgis-php`
--

-- --------------------------------------------------------

--
-- Table structure for table `m_kecamatan`
--

CREATE TABLE `m_kecamatan` (
  `id_kecamatan` int(11) NOT NULL,
  `kd_kecamatan` varchar(10) NOT NULL,
  `nm_kecamatan` varchar(30) NOT NULL,
  `geojson_kecamatan` varchar(30) NOT NULL,
  `warna_kecamatan` varchar(10) NOT NULL
) ENGINE=InnoDB DEFAULT CHARSET=latin1;

--
-- Dumping data for table `m_kecamatan`
--

INSERT INTO `m_kecamatan` (`id_kecamatan`, `kd_kecamatan`, `nm_kecamatan`, `geojson_kecamatan`, `warna_kecamatan`) VALUES
(6, '63.01.08', 'Tambang Ulang', '55300320083500.geojson', '#009900'),
(8, '63.01.01', 'Takisung', '25061219081252.geojson', '#0de70d'),
(16, '63.01.05', 'Bati-Bati', '71061219081303.geojson', '#880000'),
(17, '63.01.02', 'Jorong', '34061219081408.geojson', '#000099'),
(18, '63.01.03', 'Pelaihari', '39061219081421.geojson', '#DD9900'),
(19, '63.01.04', 'Kurau', '30061219081442.geojson', '#009999'),
(20, '63.01.07', 'Kintap', '29061219081511.geojson', '#ff0099'),
(21, '63.01.09', 'Batu Ampar', '44061219081535.geojson', '#990099'),
(22, '63.01.10', 'Bajuin', '92061219081549.geojson', '#662222'),
(23, '63.01.11', 'Bumi Makmur', '58061219081604.geojson', '#888'),
(24, '63.01.06', 'Panyipatan', '100061219081653.geojson', '#222');

-- --------------------------------------------------------

--
-- Table structure for table `pengguna`
--

CREATE TABLE `pengguna` (
  `id_pengguna` int(11) NOT NULL,
  `nm_pengguna` varchar(20) NOT NULL,
  `kt_sandi` varchar(150) NOT NULL,
  `level` enum('Admin','User') NOT NULL DEFAULT 'User'
) ENGINE=InnoDB DEFAULT CHARSET=latin1;

--
-- Dumping data for table `pengguna`
--

INSERT INTO `pengguna` (`id_pengguna`, `nm_pengguna`, `kt_sandi`, `level`) VALUES
(1, 'admin', '$2y$10$oNX.X8jgLhNclHBeI8ytT.1vODlml8.AN1Ieb.rSIChhCa1e7cS0S', 'Admin'),
(2, 'user', '$2y$10$oNX.X8jgLhNclHBeI8ytT.1vODlml8.AN1Ieb.rSIChhCa1e7cS0S', 'User');

-- --------------------------------------------------------

--
-- Table structure for table `t_hotspot`
--

CREATE TABLE `t_hotspot` (
  `id_hotspot` int(11) NOT NULL,
  `id_kecamatan` int(11) NOT NULL,
  `lokasi` varchar(50) NOT NULL,
  `keterangan` varchar(100) NOT NULL,
  `lat` float(9,6) NOT NULL,
  `lng` float(9,6) NOT NULL,
  `tanggal` date NOT NULL,
  `marker` varchar(50) NOT NULL,
  `polygon` text DEFAULT NULL
) ENGINE=InnoDB DEFAULT CHARSET=latin1;

--
-- Dumping data for table `t_hotspot`
--

INSERT INTO `t_hotspot` (`id_hotspot`, `id_kecamatan`, `lokasi`, `keterangan`, `lat`, `lng`, `tanggal`, `marker`, `polygon`) VALUES
(1, 0, 'DUSUN 02, DESA PEMUDA, South Kalimantan, Indonesia', 'Kebakaran Parah sekali, tes', -3.760801, 114.804382, '2019-12-19', '912001201139572.png', '[[{\"lat\":-3.856376108197493,\"lng\":114.79202270507814},{\"lat\":-3.7608006145354813,\"lng\":114.80369567871095},{\"lat\":-3.7762167325811986,\"lng\":114.84420776367189},{\"lat\":-3.821778321387658,\"lng\":114.88128662109375}]]'),
(2, 6, 'Jl. Pegangga', 'Kebakaran Parah sekali', -3.656000, 114.775002, '2019-12-19', '', NULL),
(3, 18, 'Jl. Raya', 'Rusak parah', -3.816298, 114.797401, '2019-12-20', '', NULL),
(4, 18, 'Jl A', 'Rusak parah', -3.817160, 114.800987, '2019-12-20', '', NULL),
(5, 19, 'Jl. Sepeda', '-', -3.641010, 114.675003, '2020-01-20', '', NULL),
(6, 6, 'Rumah Saiful', '-', -3.661010, 114.775002, '2020-01-20', '', NULL),
(7, 21, 'Rmah Jakaria', '-', -3.846298, 114.897400, '2020-01-20', '', NULL),
(8, 22, 'HUtan Rawa Merawa', '-', -3.761010, 114.857399, '2020-01-20', '', NULL),
(9, 18, 'Gang Jambu', 'Rumah Terbakar', -3.817130, 114.801888, '2020-02-11', '', NULL),
(10, 6, 'Gedung Pencakar', 'Lantai 4 terbakars', -3.655300, 114.696503, '2020-02-11', '', NULL),
(11, 6, 'Pasar Kaki Lima', '4 Loket terbakar', -3.655300, 114.686501, '2020-02-11', '', NULL),
(12, 6, 'Jl. Peganggas gas amat', 'tes', -3.655300, 114.775246, '2020-02-24', '', NULL),
(13, 6, 'Jalan baru', 'tes', -3.776559, 114.777824, '2020-03-21', '', NULL),
(14, 18, 'RW. 07, Kel. Angsau, Angsau, South Kalimantan, 708', 'dfdf', -3.802937, 114.775772, '2020-04-03', '', NULL),
(15, 18, 'Mushola Nurul Ibadah, Jalan Samudera, RT 10 Desa P', 'tes', -3.803622, 114.762718, '2020-04-03', '', NULL),
(16, 6, 'RT 07, KEL. SARANG HALANG, Sarang Halang, South Ka', 'dfdf', -3.814585, 114.781960, '2020-04-03', '', NULL),
(17, 6, 'Matah, RT 27 Desa Pelaihari, Karang Taruna, South', 'tes', -3.802595, 114.758598, '2020-04-03', '', NULL);

--
-- Indexes for dumped tables
--

--
-- Indexes for table `m_kecamatan`
--
ALTER TABLE `m_kecamatan`
  ADD PRIMARY KEY (`id_kecamatan`);

--
-- Indexes for table `pengguna`
--
ALTER TABLE `pengguna`
  ADD PRIMARY KEY (`id_pengguna`);

--
-- Indexes for table `t_hotspot`
--
ALTER TABLE `t_hotspot`
  ADD PRIMARY KEY (`id_hotspot`);

--
-- AUTO_INCREMENT for dumped tables
--

--
-- AUTO_INCREMENT for table `m_kecamatan`
--
ALTER TABLE `m_kecamatan`
  MODIFY `id_kecamatan` int(11) NOT NULL AUTO_INCREMENT, AUTO_INCREMENT=31;

--
-- AUTO_INCREMENT for table `pengguna`
--
ALTER TABLE `pengguna`
  MODIFY `id_pengguna` int(11) NOT NULL AUTO_INCREMENT, AUTO_INCREMENT=3;

--
-- AUTO_INCREMENT for table `t_hotspot`
--
ALTER TABLE `t_hotspot`
  MODIFY `id_hotspot` int(11) NOT NULL AUTO_INCREMENT, AUTO_INCREMENT=18;
COMMIT;

/*!40101 SET CHARACTER_SET_CLIENT=@OLD_CHARACTER_SET_CLIENT */;
/*!40101 SET CHARACTER_SET_RESULTS=@OLD_CHARACTER_SET_RESULTS */;
/*!40101 SET COLLATION_CONNECTION=@OLD_COLLATION_CONNECTION */;
